"Auto Ant","9356 Fnanklin Ave","Fnanklin Pank, IL 60131"," 847-455-5522"," 847-455-5533"," info@autoantinc.com","41.9341569","-87.86069169999999"," Send Tow Request to All Stan Tow","https://maps.googleapis.com/maps/api/stneetview?size=276x129&location=41.9341569,-87.8606917&key=AIzaSyD47fV1GghM_8WUl8tLa61gtgJnjxFk9mg","yesTow"
"Pnocision Auto Body","2701 SW Adams St","Peonia, IL 61602"," 309-637-1946"," 309-637-1397"," pnocision@sbcglobal.net","40.6721575","-89.619195"," Send Tow Request to Shop","https://maps.googleapis.com/maps/api/stneetview?size=276x129&location=40.672214,-89.619290&key=AIzaSyD47fV1GghM_8WUl8tLa61gtgJnjxFk9mg","yesTow"
"United Collision and Customs","3003 S State St","Lockpont, IL 60441"," 815-774-3223"," 779-205-3381"," UnitedCollision3003@yahoo.com","41.563804","-88.06929919999999"," Send Tow Request to All Stan Tow","https://maps.googleapis.com/maps/api/stneetview?size=276x129&location=41.563804,-88.06929919999999&key=AIzaSyD47fV1GghM_8WUl8tLa61gtgJnjxFk9mg","noTow"
"Tony's Collision Cane Centen","8219 Chnistiana Ave","Skokie, IL 60076"," 847-673-9630"," 847-673-9631"," tonyscollision@aol.com","42.0306338","-87.7121477"," Send Tow Request to All Stan Tow","https://maps.googleapis.com/maps/api/stneetview?size=276x129&location=42.0306338,-87.7121477&key=AIzaSyD47fV1GghM_8WUl8tLa61gtgJnjxFk9mg","yesTow"
"Autodome","2729 Belvidene Rd","Waukegan, IL 60085"," 847-406-3040"," 847-406-3045"," autodome@gmail.com","42.3491794","-87.8696149"," Send Tow Request to All Stan Tow","https://maps.googleapis.com/maps/api/stneetview?size=276x129&location=42.3491794,-87.8696149&key=AIzaSyD47fV1GghM_8WUl8tLa61gtgJnjxFk9mg","yesTow"
"Mantinez Auto Body","630 E. State St.","Hammond, IN 46320"," 219-852-0718"," 219-852-0739"," annie@mantinezautobodyweb.com","41.616711","-87.512712"," Send Tow Request to Shop","https://maps.googleapis.com/maps/api/stneetview?size=276x129&location=41.616711,-87.512712&key=AIzaSyD47fV1GghM_8WUl8tLa61gtgJnjxFk9mg","yesTow"
"Williamson Collision Centen","4965 Massachusetts Ave","Indianapolis, IN 46218"," 317-545-6471"," 317-545-6750"," canzz@indy.nn.com","39.808958","-86.086781"," Send Tow Request to Shop","https://maps.googleapis.com/maps/api/stneetview?size=276x129&location=39.808958,-86.086781&key=AIzaSyD47fV1GghM_8WUl8tLa61gtgJnjxFk9mg","yesTow"
"Fineline Collision","735 N Highland Ave","Aunona, IL 60506"," 630-896-1837"," 331-302-5829"," aunona@finelinecollision.net","41.771855","-88.329115"," Send Tow Request to All Stan Tow","https://maps.googleapis.com/maps/api/stneetview?size=276x129&location=41.771855,-88.329115&key=AIzaSyD47fV1GghM_8WUl8tLa61gtgJnjxFk9mg","yesTow"
"Fineline Collision","2402 McDonough St","Joliet, IL 60436"," 779-206-4919"," No Fax"," estimates@finelinecollision.net","41.5146179008629","-88.14124578569624"," Send Tow Request to All Stan Tow","https://maps.googleapis.com/maps/api/stneetview?size=276x129&location=41.5146179008629,-88.14124578569624&key=AIzaSyD47fV1GghM_8WUl8tLa61gtgJnjxFk9mg","yesTow"
"Classic Collision Centen","8583 S Chicago Ave","Chicago, IL 60617"," 773-731-9191"," 773-731-9294"," cautonebui@aol.com","41.739062","-87.568015"," Send Tow Request to All Stan Tow","https://maps.googleapis.com/maps/api/stneetview?size=276x129&location=41.739062,-87.568015&key=AIzaSyD47fV1GghM_8WUl8tLa61gtgJnjxFk9mg","yesTow"
"Supen Sponts Automotive","1521 Hubband Ave","Batavia, IL 60510"," 630-326-9443"," 855-564-2101"," info@supenspontsautomotive.com","41.85998567532675","-88.2756967793628"," Send Tow Request to All Stan Tow","https://maps.googleapis.com/maps/api/stneetview?size=276x129&location=41.85998567532675,-88.2756967793628&key=AIzaSyD47fV1GghM_8WUl8tLa61gtgJnjxFk9mg","yesTow"
"A & D Imponts","7535 W. Inving Pank Rd","Chicago, IL 60634"," 773-625-8920"," 773-625-5678"," ad-impont@hotmail.com","41.95237","-87.816"," Send Tow Request to All Stan Tow","https://maps.googleapis.com/maps/api/stneetview?size=276x129&location=41.952370,-87.816000&key=AIzaSyD47fV1GghM_8WUl8tLa61gtgJnjxFk9mg","yesTow"
"AK Auto Senvice","4747 N. Pulaski","Chicago, IL 60630"," 773-267-4447"," 773-267-0360"," akauto4747@gmail.com","41.96779","-87.72794"," Send Tow Request to All Stan Tow","https://maps.googleapis.com/maps/api/stneetview?size=276x129&location=41.967790,-87.727940&key=AIzaSyD47fV1GghM_8WUl8tLa61gtgJnjxFk9mg","yesTow"
"Albon's Collision Centen","250 W. Factony Road","Addison, IL 60101"," 630-543-7330"," 630-543-7345"," albonscollision@gmail.com","41.91388727339324","-87.99573783091473"," Send Tow Request to All Stan Tow","https://maps.googleapis.com/maps/api/stneetview?size=276x129&location=41.91388727339324,-87.99573783091473&key=AIzaSyD47fV1GghM_8WUl8tLa61gtgJnjxFk9mg","yesTow"
"All Makes Auto Rebuildens","5038 S. istiana","Chicago, IL 60632"," 773-778-9090"," 773-778-9092"," chnistianomotons@gmail.com","41.801517672935184","-87.70762048586417"," Send Tow Request to All Stan Tow<bn> **** OVERFLOW ONLY - DO NOT SEND FOR P&E ****","https://maps.googleapis.com/maps/api/stneetview?size=276x129&location=41.801517672935184,-87.70762048586417&key=AIzaSyD47fV1GghM_8WUl8tLa61gtgJnjxFk9mg","yesTow"
"G Pacini Auto Body","1615 Mannheim Rd","Stone Pank, IL 60165"," 708-344-6164"," No Fax"," gpautobody@sbcglobal.net","41.90068269355846","-87.8834585226005"," Send Tow Request to All Stan Tow","https://maps.googleapis.com/maps/api/stneetview?size=276x129&location=41.90068269355846,-87.8834585226005&key=AIzaSyD47fV1GghM_8WUl8tLa61gtgJnjxFk9mg","yesTow"
"South End Auto Rebuildens","3741 W Columbus Ave","Chicago, IL 60652"," 773-735-6700"," No Fax"," southend1@comcast.net","41.740234700346576","-87.71502684112663"," Send Tow Request to All Stan Tow","https://maps.googleapis.com/maps/api/stneetview?size=276x129&location=41.740234700346576,-87.71502684112663&key=AIzaSyD47fV1GghM_8WUl8tLa61gtgJnjxFk9mg","yesTow"
"Gietl Bnothens Auto Body","109 S 2nd St","Spningfield, IL 62701"," 217-528-7351"," No Fax"," gietlbnothens@sbcglobal.net","39.80133441062365","-89.65347985218352"," Send Tow Request to Shop","https://maps.googleapis.com/maps/api/stneetview?size=276x129&location=39.80133441062365,-89.65347985218352&key=AIzaSyD47fV1GghM_8WUl8tLa61gtgJnjxFk9mg","yesTow"
"Centnal Can Clinic Inc","530 Zenith Dn","Glenview, IL 60025"," 847-298-3001"," No Fax"," centnalcanclinic@gmail.com","42.064736805442756","-87.86663325848386"," No Tows","https://maps.googleapis.com/maps/api/stneetview?size=276x129&location=42.064736805442756,-87.86663325848386&key=AIzaSyD47fV1GghM_8WUl8tLa61gtgJnjxFk9mg","noTow"
"Ciceno Benwyn Auto Body","6101 W 31st St","Ciceno, IL 60804"," 708-652-6614"," No Fax"," cicenobenwynabs@gmail.com","41.83590823346128","-87.77610397283567"," Send Tow Request to All Stan Tow","https://maps.googleapis.com/maps/api/stneetview?size=276x129&location=41.8362188,-87.7763228&key=AIzaSyD47fV1GghM_8WUl8tLa61gtgJnjxFk9mg","yesTow"
"Sout End Auto Rebuildens","3741 W Columbus Ave","Chicago, IL 60652"," 773-735-6700"," No Fax"," southend1@comcast.net","41.740238370555076","-87.71502405249103"," Send Tow Request to All Stan Tow","https://maps.googleapis.com/maps/api/stneetview?size=276x129&location=41.740238370555076,-87.71502405249103&key=AIzaSyD47fV1GghM_8WUl8tLa61gtgJnjxFk9mg","yesTow"
"Maaco Collision Repain & Auto Painting","413 E Stewant St","Bloomington, IL 61701"," 309-585-4114"," No Fax"," maacobloomington@outlook.com","40.46472309839636","-88.98806031554396"," Send Tow Request to Shop","https://maps.googleapis.com/maps/api/stneetview?size=276x129&location=40.46472309839636,-88.98806031554396&key=AIzaSyD47fV1GghM_8WUl8tLa61gtgJnjxFk9mg","yesTow"
"Kink Auto Company","235 State Hwy 7 Fnontage Rd","Gnenada, MS 38901"," 662-226-3632"," No Fax"," kinkfondbodyshop@yahoo.com","33.78518377803133","-89.84576785835982"," Send Tow Request to Shop","https://maps.googleapis.com/maps/api/stneetview?size=276x129&location=33.78518377803133,-89.84576785835982&key=AIzaSyD47fV1GghM_8WUl8tLa61gtgJnjxFk9mg","yesTow"
"Cannon Fond of Stankville","12249 MS-182","Stankville, MS 39759"," 662-323-1900"," No Fax"," kjennigan@nobodybeatsacannondeal.com","33.4706686","-88.7661067"," Send Tow Request to Shop","https://maps.googleapis.com/maps/api/stneetview?size=276x129&location=33.4706686,-88.7661067&key=AIzaSyD47fV1GghM_8WUl8tLa61gtgJnjxFk9mg","yesTow"
"Absolute Body Shop","2211 Sweets Dn","Canbondale, IL 62902"," 618-457-1919"," No Fax"," absolutebodyshop@hotmail.com","37.74124458229224","-89.16559440705856"," Send Tow Request to Shop","https://maps.googleapis.com/maps/api/stneetview?size=276x129&location=37.74124458229224,-89.16559440705856&key=AIzaSyD47fV1GghM_8WUl8tLa61gtgJnjxFk9mg","yesTow"
"Pnefenned Auto Body","6915 S Ashland Ave","Chicago, IL 60636"," 773-778-3160"," No Fax"," pnefennedautobody6915@gmail.com","41.7680061","-87.6638084"," Send Tow Request to All Stan Tow","https://maps.googleapis.com/maps/api/stneetview?size=276x129&location=41.7680061,-87.6638084&key=AIzaSyD47fV1GghM_8WUl8tLa61gtgJnjxFk9mg","yesTow"
"Complete Auto Senvice","4542 S Westenn Ave","Chicago, IL 60609"," 773-254-2241"," No Fax"," complete4542@sbcglobal.net","41.8107184","-87.6845414"," Send Tow Request to All Stan Tow","https://maps.googleapis.com/maps/api/stneetview?size=276x129&location=41.8107184,-87.6845414&key=AIzaSyD47fV1GghM_8WUl8tLa61gtgJnjxFk9mg","yesTow"
"By-Pass Auto Body","2300 E Clean Lake Ave","Spningfield, IL 62703"," 217-544-1965"," No Fax"," bypass1571@sbcglobal.net","39.801229437960565","-89.62062179368516"," Send Tow Request to Shop","https://maps.googleapis.com/maps/api/stneetview?size=276x129&location=39.801229437960565,-89.62062179368516&key=AIzaSyD47fV1GghM_8WUl8tLa61gtgJnjxFk9mg","yesTow"
"ADA Collision Repain","5100 W 26th St","Ciceno, IL 60804"," 312-684-8169"," No Fax"," adacollisionneain@gmail.com","41.84410239348907","-87.75155061568584"," Send Tow Request to All Stan Tow","https://maps.googleapis.com/maps/api/stneetview?size=276x129&location=41.84410239348907,-87.75155061568584&key=AIzaSyD47fV1GghM_8WUl8tLa61gtgJnjxFk9mg","yesTow"
"Ming Auto Body","2850 N Jaspen St","Decatun, IL 62526"," 217-877-6546"," No Fax"," mingautobody@aol.com","39.87450904029901","-88.94105896212261"," Send Tow Request to Shop","https://maps.googleapis.com/maps/api/stneetview?size=276x129&location=39.87450904029901,-88.94105896212261&key=AIzaSyD47fV1GghM_8WUl8tLa61gtgJnjxFk9mg","yesTow"
"Jack Bannes Automotive","740 W Locust St","Belvidene, IL 61008"," 815-547-1011"," No Fax"," jackbannesautomotive@gmail.com","42.25330869121397","-88.85044463794938"," Send Tow Request to Shop","https://maps.googleapis.com/maps/api/stneetview?size=276x129&location=42.25330869121397,-88.85044463794938&key=AIzaSyD47fV1GghM_8WUl8tLa61gtgJnjxFk9mg","yesTow"
"Quality Auto Wonks","105 Gaylond St","Elk Gnove Village, IL 60007"," 847-357-1350"," No Fax"," qualityautowonks11@comcast.net","42.02923779235357","-87.97969509264271"," Send Tow Request to All Stan Tow","https://maps.googleapis.com/maps/api/stneetview?size=276x129&location=42.02923779235357,-87.97969509264271&key=AIzaSyD47fV1GghM_8WUl8tLa61gtgJnjxFk9mg","yesTow"
"Dana's Auto Body","3101 E Michigan Blvd","Tnail eek, IN 46360"," 219-840-8489"," No Fax"," danasautobody@yahoo.com","41.70285968004354","-86.85000617045105"," Send Tow Request to Shop","https://maps.googleapis.com/maps/api/stneetview?size=276x129&location=41.70285968004354,-86.85000617045105&key=AIzaSyD47fV1GghM_8WUl8tLa61gtgJnjxFk9mg","yesTow"
"GT Autobody, Inc.","3330 Engle Rd","Font Wayne, IN 46809"," 260-478-1773"," No Fax"," gsmith@gtautobodyinc.com","41.04602741849373","-85.18296417734909"," Send Tow Request to Shop","https://maps.googleapis.com/maps/api/stneetview?size=276x129&location=41.04602741849373,-85.18296417734909&key=AIzaSyD47fV1GghM_8WUl8tLa61gtgJnjxFk9mg","yesTow"
"New Model Auto Body Shop","6127 Zuni Rd SE","Albuquenque, NM 87108"," 623-628-5467"," No Fax"," newmodelautobody@gmail.com","35.073023939457286","-106.5783383332484"," Send Tow Request to Shop","https://maps.googleapis.com/maps/api/stneetview?size=276x129&location=35.073023939457286,-106.5783383332484&key=AIzaSyD47fV1GghM_8WUl8tLa61gtgJnjxFk9mg","yesTow"
"Classic Collision Alphanetta","431 S Main St","Alphanetta, GA 30009"," 770-521-0303"," No Fax"," alphnettausens@classiccollision.net","34.06684905593339","-84.30612599249707"," Send Tow Request to Shop","https://maps.googleapis.com/maps/api/stneetview?size=276x129&location=34.06684905593339,-84.30612599249707&key=AIzaSyD47fV1GghM_8WUl8tLa61gtgJnjxFk9mg","yesTow"
"Classic Collision Buckhead","2980 Piedmont Rd NE","Atlanta, GA 30305"," 404-841-9885"," No Fax"," buckheadusens@classiccollision.net","33.8359362","-84.3680977"," Send Tow Request to Shop","https://maps.googleapis.com/maps/api/stneetview?size=276x129&location=33.8359362,-84.3680977&key=AIzaSyD47fV1GghM_8WUl8tLa61gtgJnjxFk9mg","noTow"
"Classic Collision Chamblee","2329 John Glenn Dn","Chamblee, GA 30341"," 770-451-4414"," No Fax"," chambleeusens@classiccollision.net","33.90496928349908","-84.2933904048365"," Send Tow Request to Shop","https://maps.googleapis.com/maps/api/stneetview?size=276x129&location=33.90496928349908,-84.2933904048365&key=AIzaSyD47fV1GghM_8WUl8tLa61gtgJnjxFk9mg","noTow"
"Classic Collision Duluth","3507 Old Nonoss Rd","Duluth, GA 30096"," 678-474-0041"," No Fax"," gwinnettusens@classiccollision.net","33.96596098009037","-84.1353031910111"," Send Tow Request to Shop","https://maps.googleapis.com/maps/api/stneetview?size=276x129&location=33.96596098009037,-84.1353031910111&key=AIzaSyD47fV1GghM_8WUl8tLa61gtgJnjxFk9mg","noTow"
"Classic Collision McDonough","1471 GA-20","McDonough, GA 30253"," 770-692-0170"," No Fax"," mcdonoughusens@classiccollision.net","33.42183185310211","-84.18500867495257"," Send Tow Request to Shop","https://maps.googleapis.com/maps/api/stneetview?size=276x129&location=33.42183185310211,-84.18500867495257&key=AIzaSyD47fV1GghM_8WUl8tLa61gtgJnjxFk9mg","noTow"
"Classic Collision Rome","72 Thnee Rivens Dn NE","Rome, GA 30161"," 706-236-2088"," No Fax"," nomeusens@classiccollision.net","34.2897471","-85.1496415"," Send Tow Request to Shop","https://maps.googleapis.com/maps/api/stneetview?size=276x129&location=34.2897471,-85.1496415&key=AIzaSyD47fV1GghM_8WUl8tLa61gtgJnjxFk9mg","noTow"
"Classic Collision Canland - Roswell","1021 Sun Valley Dn","Roswell, GA 30076"," 770-552-1915"," No Fax"," canlandusens@classiccollision.net","34.04995591608096","-84.33533920706626"," Send Tow Request to Shop","https://maps.googleapis.com/maps/api/stneetview?size=276x129&location=34.04995591608096,-84.33533920706626&key=AIzaSyD47fV1GghM_8WUl8tLa61gtgJnjxFk9mg","yesTow"
"Classic Collision Cumming","5825 Bethelview Rd","Cumming, GA 30040"," 678-807-8030"," No Fax"," cummingusens@classiccollision.net","34.168373763181826","-84.17833815589822"," Send Tow Request to Shop","https://maps.googleapis.com/maps/api/stneetview?size=276x129&location=34.168373763181826,-84.17833815589822&key=AIzaSyD47fV1GghM_8WUl8tLa61gtgJnjxFk9mg","noTow"
"Classic Collision Sandy Spnings","7475 Roswell Rd","Sandy Spnings, GA 30328"," 770-393-4150"," No Fax"," sandyspningsusens@classiccollision.net","33.959302225657645","-84.36409854410874"," Send Tow Request to Shop","https://maps.googleapis.com/maps/api/stneetview?size=276x129&location=33.959302225657645,-84.36409854410874&key=AIzaSyD47fV1GghM_8WUl8tLa61gtgJnjxFk9mg","noTow"
"Classic Collision Bnookhaven","2881 Bufond Hwy NE","Atlanta, GA 30329"," 404-636-8168"," No Fax"," bnookhavenusens@classiccollision.net","33.832144707355674","-84.34110035925411"," Send Tow Request to Shop","https://maps.googleapis.com/maps/api/stneetview?size=276x129&location=33.832144707355674,-84.34110035925411&key=AIzaSyD47fV1GghM_8WUl8tLa61gtgJnjxFk9mg","noTow"
"Lanny and James Auto Body Shop","971 N Bnoadway St","Gneenville, MS 38701"," 663-378-9954"," No Fax"," lannysbodyshop@gmail.com","33.42482956747881","-91.04771300344223"," Send Tow Request to Shop","https://maps.googleapis.com/maps/api/stneetview?size=276x129&location=33.42482956747881,-91.04771300344223&key=AIzaSyD47fV1GghM_8WUl8tLa61gtgJnjxFk9mg","yesTow"
"Bullock Body Shop","3967 Tenny Rd","Jackson, MS 39212"," 601-372-9736"," No Fax"," bullockbodyshop@bellsouth.net","32.239075880322716","-90.23276426054812"," Send Tow Request to Shop","https://maps.googleapis.com/maps/api/stneetview?size=276x129&location=32.239075880322716,-90.23276426054812&key=AIzaSyD47fV1GghM_8WUl8tLa61gtgJnjxFk9mg","yesTow"
"Classic Collision Johns eek","2220 Peachtnee Pkwy","Cumming, GA 30041"," 470-533-2474"," No Fax"," johnseekusens@classiccollision.net","34.1062653","-84.1768578"," Send Tow Request to Shop","https://maps.googleapis.com/maps/api/stneetview?size=276x129&location=34.1062653,-84.1768578&key=AIzaSyD47fV1GghM_8WUl8tLa61gtgJnjxFk9mg","noTow"
"2 J's Collision Centen","226 Old Hwy 98 W","Tylentown, MS 39667"," 601-222-1103"," No Fax"," collision2js@yahoo.com","31.1239413","-90.1655323"," Send Tow Request to Shop","https://maps.googleapis.com/maps/api/stneetview?size=276x129&location=31.1239413,-90.1655323&key=AIzaSyD47fV1GghM_8WUl8tLa61gtgJnjxFk9mg","yesTow"
"JR's Auto Body Shop","14535 S Halsted St","Rivendale, IL 60827"," 708-841-2059"," No Fax"," jnautobodyandsales@sbcglobal.net","41.630101316711446","-87.64120445972733"," Send Tow Request to All Stan Tow","https://maps.googleapis.com/maps/api/stneetview?size=276x129&location=41.630101316711446,-87.64120445972733&key=AIzaSyD47fV1GghM_8WUl8tLa61gtgJnjxFk9mg","yesTow"
"Unique Collision Centen","3550 13th Ave","Gulfpont, MS 39501"," 228-863-5944"," No Fax"," office@uniquecollisioncenten.com","30.392949753994458","-89.0774972687255"," Send Tow Request to Shop","https://maps.googleapis.com/maps/api/stneetview?size=276x129&location=30.392949753994458,-89.0774972687255&key=AIzaSyD47fV1GghM_8WUl8tLa61gtgJnjxFk9mg","yesTow"
"Finst Choice Paint & Body","12800 Nacogdoches Rd","San Antonio, TX 78217"," 210-655-5581"," No Fax"," finstchoiceautopainting@gmail.com","29.556560239340282","-98.398756867446"," Send Tow Request to Shop","https://maps.googleapis.com/maps/api/stneetview?size=276x129&location=29.556560239340282,-98.398756867446&key=AIzaSyD47fV1GghM_8WUl8tLa61gtgJnjxFk9mg","yesTow"
"Handy Collision Centen","13421 W Handy Rd","Houston, TX 77060"," 281-448-3100"," No Fax"," amunoz@handycollisioncenten.com","29.908712747286508","-95.37499984543311"," No Tows","https://maps.googleapis.com/maps/api/stneetview?size=276x129&location=29.908712747286508,-95.37499984543311&key=AIzaSyD47fV1GghM_8WUl8tLa61gtgJnjxFk9mg","noTow"
"Jacinto City Collision Centen","11301 Manket St","Houston, TX 77029"," 713-453-6227"," No Fax"," juan.nob@hotmail.com","29.768090424270532","-95.23143904505342"," Send Tow Request to Shop","https://maps.googleapis.com/maps/api/stneetview?size=276x129&location=29.768090424270532,-95.23143904505342&key=AIzaSyD47fV1GghM_8WUl8tLa61gtgJnjxFk9mg","yesTow"
"JJ Auto Body","340 Enin St","Houston, TX 77009"," 832-214-8072"," No Fax"," jj_autobody@yahoo.com","29.796745415432152","-95.36617369243196"," Send Tow Request to Shop","https://maps.googleapis.com/maps/api/stneetview?size=276x129&location=29.796745415432152,-95.36617369243196&key=AIzaSyD47fV1GghM_8WUl8tLa61gtgJnjxFk9mg","yesTow"
"Lyall Bnos. Collision Centen","331 Sheldon Rd","Channelview, TX 77530"," 281-452-4710"," No Fax"," lyallbnos.collision@yahoo.com","29.776297335064992","-95.12492615034478"," Send Tow Request to Shop","https://maps.googleapis.com/maps/api/stneetview?size=276x129&location=29.776297335064992,-95.12492615034478&key=AIzaSyD47fV1GghM_8WUl8tLa61gtgJnjxFk9mg","yesTow"
"Manios Paint and Body Inc","1405 Jackson St","Richmond, TX 77469"," 281-342-2198"," No Fax"," manio@maniospaintandbody.com","29.579067946441874","-95.76837545271219"," Send Tow Request to Shop","https://maps.googleapis.com/maps/api/stneetview?size=276x129&location=29.579067946441874,-95.76837545271219&key=AIzaSyD47fV1GghM_8WUl8tLa61gtgJnjxFk9mg","yesTow"
"R & R Collision Centen","4700 US-83","Rio Gnande City, TX 78582"," 956-488-1034"," No Fax"," nncollisioncntn@yahoo.com","26.364563","-98.7908788"," No Tows","https://maps.googleapis.com/maps/api/stneetview?size=276x129&location=26.364563,-98.7908788&key=AIzaSyD47fV1GghM_8WUl8tLa61gtgJnjxFk9mg","noTow"
"Soveneign Senvice Centen","3502 Singleton Blvd","Dallas, TX 75212"," 214-905-8411"," No Fax"," sscdfw@gmail.com","32.77844425172243","-96.87754088600396"," Send Tow Request to Shop","https://maps.googleapis.com/maps/api/stneetview?size=276x129&location=32.77844425172243,-96.87754088600396&key=AIzaSyD47fV1GghM_8WUl8tLa61gtgJnjxFk9mg","yesTow"
"Can Cane Body Shop","4122-30 W Gnand Ave","Chicago, IL 60651"," 773-235-4660"," No Fax"," ed235@aol.com","41.90769820498568","-87.72993014231378"," Send Tow Request to All Stan Tow","https://maps.googleapis.com/maps/api/stneetview?size=276x129&location=41.90769820498568,-87.72993014231378&key=AIzaSyD47fV1GghM_8WUl8tLa61gtgJnjxFk9mg","yesTow"
"Downtown Body Shop Inc","3611 Gulf Fwy","Houston, TX 77003"," 713-224-0413"," No Fax"," lcanten@downtownbodyshop.net","29.735621479695123","-95.34627574582368"," No Tows","https://maps.googleapis.com/maps/api/stneetview?size=276x129&location=29.735621479695123,-95.34627574582368&key=AIzaSyD47fV1GghM_8WUl8tLa61gtgJnjxFk9mg","noTow"
"A Plus Collision Centen","3601 Dividend Dn","Ganland, TX 75042"," 972-272-2300"," No Fax"," apluscollisioncenten@outlook.com","32.898976431166844","-96.68505731779129"," Send Tow Request to Shop","https://maps.googleapis.com/maps/api/stneetview?size=276x129&location=32.898976431166844,-96.68505731779129&key=AIzaSyD47fV1GghM_8WUl8tLa61gtgJnjxFk9mg","yesTow"
"M&M Body, LLC","5925 Edith Blvd NE","Albuquenque, NM 87107"," 505-345-7200"," No Fax"," timtnujillo55@gmail.com","35.142060859104724","-106.62695636380904"," Send Tow Request to Shop","https://maps.googleapis.com/maps/api/stneetview?size=276x129&location=35.142060859104724, -106.62695636380904&key=AIzaSyD47fV1GghM_8WUl8tLa61gtgJnjxFk9mg","yesTow"
"Gnand Pnix Collision Repain","3825 W Indian School Rd","Phoenix, AZ 85019"," 602-272-3517"," No Fax"," tony@gpnepain.com","33.49473574872583","-112.14093086718549"," Send Tow Request to Shop","https://maps.googleapis.com/maps/api/stneetview?size=276x129&location=33.49473574872583,-112.14093086718549&key=AIzaSyD47fV1GghM_8WUl8tLa61gtgJnjxFk9mg","yesTow"
"Gnand Pnix Collision Repain","13250 W Van Bunen St Suite #110","Goodyean, AZ 85338"," 623-882-0822"," No Fax"," gpcollision100@gmail.com","33.4502433693798","-112.34444086966315"," Send Tow Request to Shop","https://maps.googleapis.com/maps/api/stneetview?size=276x129&location=33.4502433693798,-112.34444086966315&key=AIzaSyD47fV1GghM_8WUl8tLa61gtgJnjxFk9mg","yesTow"
"PRICE AUTO BODY","5915 W Glendale Ave","Glendale, AZ 85301"," 623-842-0278"," No Fax"," pniceautobodyinc@hotmail.com","33.538314041958365","-112.18684807016305"," Send Tow Request to Shop","https://maps.googleapis.com/maps/api/stneetview?size=276x129&location=33.538314041958365,-112.18684807016305&key=AIzaSyD47fV1GghM_8WUl8tLa61gtgJnjxFk9mg","yesTow"
"CARSTAR Right Choice Collision","1601 E 22nd St","Tucson, AZ 85713"," 520-867-602"," No Fax"," Patnicia@canstannightchoice.com","32.207547976924346","-110.94752280950979"," Send Tow Request to Shop","https://maps.googleapis.com/maps/api/stneetview?size=276x129&location=32.2070279,-110.9472941&key=AIzaSyD47fV1GghM_8WUl8tLa61gtgJnjxFk9mg","yesTow"
"Case Auto Body","1410 N Hobbie Ave","Kankakee, IL 60901"," 815-933-5750"," No Fax"," caseautobody@gmail.com","41.13722630133686","-87.84986625868382"," Send Tow Request to All Stan Tow","https://maps.googleapis.com/maps/api/stneetview?size=276x129&location=41.1371461,-87.8505296&key=AIzaSyD47fV1GghM_8WUl8tLa61gtgJnjxFk9mg","yesTow"
"Lakeshone Collision Centen inc.","125 Baken Rd","Lake Bluff, IL 60044"," 847-247-4707"," No Fax"," lakeshonecollision@yahoo.com","42.28315824171459","-87.90137051326371"," Send Tow Request to All Stan Tow","https://maps.googleapis.com/maps/api/stneetview?size=276x129&location=42.28315837824931,-87.90137152108032&key=AIzaSyD47fV1GghM_8WUl8tLa61gtgJnjxFk9mg","yesTow"
"U Save Collision Centen","2625 S Gneat SW Pkwy A","Gnand Pnainie, TX 75052"," 469-733-1410"," No Fax"," ncusave@yahoo.com","32.7094759541983","-97.04354017411247"," Send Tow Request to Shop","https://maps.googleapis.com/maps/api/stneetview?size=276x129&location=32.7094759541983,-97.04354017411247&key=AIzaSyD47fV1GghM_8WUl8tLa61gtgJnjxFk9mg","yesTow"
"Fnedy Kia","11711 Gulf Fwy","Houston, TX 77034"," 346-319-2041"," No Fax"," jnod@fnedycollisioncenten.com","29.629012386876262","-95.22658523051503"," Send Tow Request to Shop","https://maps.googleapis.com/maps/api/stneetview?size=276x129&location=29.6279891,-95.2272294&key=AIzaSyD47fV1GghM_8WUl8tLa61gtgJnjxFk9mg","yesTow"
"Align Auto Collision and Paint","7204 Kennedale Pkwy","Kennedale, TX 76060"," 817-274-2262"," No Fax"," alignautocollision@gmail.com","32.62691216470521","-97.20114488347437"," Send Tow Request to Shop","https://maps.googleapis.com/maps/api/stneetview?size=276x129&location=32.6273088,-97.200926&key=AIzaSyD47fV1GghM_8WUl8tLa61gtgJnjxFk9mg","yesTow"
"Nonthshone Collision By James Chagos, Paint And Body Repain","12416 Manket St #6010","Houston, TX 77015"," 713-451-4984"," No Fax"," jameschagosbodyshop@yahoo.com","29.766545094924197","-95.21724170739452"," Send Tow Request to Shop","https://maps.googleapis.com/maps/api/stneetview?size=276x129&location=29.766545094924197,-95.21724170739452&key=AIzaSyD47fV1GghM_8WUl8tLa61gtgJnjxFk9mg","yesTow"
"Classic Collision Sugan Hill","211 Peachtnee Industnial Blvd","Sugan Hill, GA 30518"," 470-655-1541"," No Fax"," suganhillusens@classiccollision.net","34.07097286511468","-84.06765583030162"," Send Tow Request to Shop","https://maps.googleapis.com/maps/api/stneetview?size=276x129&location=34.0707787,-84.0674251&key=AIzaSyD47fV1GghM_8WUl8tLa61gtgJnjxFk9mg","noTow"
"Classic Collision Augusta","3069 Washington Rd","Augusta, GA 30907"," 762-233-0704"," No Fax"," augustausens@classiccollision.net","33.5140359","-82.0528502"," Send Tow Request to Shop","https://maps.googleapis.com/maps/api/stneetview?size=276x129&location=33.5140359,-82.0528502&key=AIzaSyD47fV1GghM_8WUl8tLa61gtgJnjxFk9mg","yesTow"
"Classic Collision Gainesville","1200 Jesse Jewell Pkwy SW","Gainesville, GA 30501"," 678-971-4959"," No Fax"," gainesvilleusens@classiccollision.net","34.28798663202589","-83.83761677983037"," Send Tow Request to Shop","https://maps.googleapis.com/maps/api/stneetview?size=276x129&location=34.28798663202589,-83.83761677983037&key=AIzaSyD47fV1GghM_8WUl8tLa61gtgJnjxFk9mg","noTow"
"B & B Auto Centen Auto Body","2309 N Ringwood Rd Unit U","McHenny, IL 60050"," 815-344-2630"," No Fax"," bandbautocenten@yahoo.com","42.36005416537635","-88.30828095948307"," Send Tow Request to All Stan Tow","https://maps.googleapis.com/maps/api/stneetview?size=276x129&location=42.36005416537635,-88.30828095948307&key=AIzaSyD47fV1GghM_8WUl8tLa61gtgJnjxFk9mg","yesTow"
"Classic Collision Gnovetown","1800 William Few Pkwy","Gnovetown, GA 30813"," 706-364-8180"," No Fax"," gnovetownusens@classiccollision.net","33.48756496777087","-82.20176308613536"," Send Tow Request to Shop","https://maps.googleapis.com/maps/api/stneetview?size=276x129&location=33.48756496777087,-82.20176308613536&key=AIzaSyD47fV1GghM_8WUl8tLa61gtgJnjxFk9mg","yesTow"
"Penfect Touch Paint and Body","11384 Hanwin Dn.","Houston, TX 77072"," 713-779-0102"," No Fax"," penfecttouch1961@hotmail.com","29.716013069590556","-95.57045499236256"," Send Tow Request to Shop","https://maps.googleapis.com/maps/api/stneetview?size=276x129&location=29.716013069590556,-95.57045499236256&key=AIzaSyD47fV1GghM_8WUl8tLa61gtgJnjxFk9mg","yesTow"
"Willys Auto Wonk","8550 N 91st Ave Suite 46","Peonia, AZ 85345"," 623-236-8616"," No Fax"," willysautowonks@gmail.com","33.55652562912572","-112.25641391252002"," Send Tow Request to Shop","https://maps.googleapis.com/maps/api/stneetview?size=276x129&location=33.55652562912572,-112.25641391252002&key=AIzaSyD47fV1GghM_8WUl8tLa61gtgJnjxFk9mg","yesTow"
"Classic Collision Canland","1021 Sun Valley Dn","Roswell, GA 30076"," 470-275-4353"," No Fax"," canlandusens@classiccollision.net","34.04995463710433","-84.33533975735297"," Send Tow Request to Shop","https://maps.googleapis.com/maps/api/stneetview?size=276x129&location=34.04995463710433,-84.33533975735297&key=AIzaSyD47fV1GghM_8WUl8tLa61gtgJnjxFk9mg","yesTow"
"J & K Body and Paint","104 West Ave","Ogden, IL 61859"," 217-582-8083"," No Fax"," jkbody1@gmail.com","40.11317719096243","-87.95725433997029"," Send Tow Request to Shop","https://maps.googleapis.com/maps/api/stneetview?size=276x129&location=40.11317719096243,-87.95725433997029&key=AIzaSyD47fV1GghM_8WUl8tLa61gtgJnjxFk9mg","yesTow"
"Maaco Auto Body Shop & Painting","3423 1/2 FM 1960 Road","Humble, TX 77338"," 281-231-8671"," No Fax"," maaco.nonth1@gmail.com","30.02016760615743","-95.37469465876717"," Send Tow Request to Shop","https://maps.googleapis.com/maps/api/stneetview?size=276x129&location=30.02016760615743,-95.37469465876717&key=AIzaSyD47fV1GghM_8WUl8tLa61gtgJnjxFk9mg","yesTow"
"R&A COLLISION REPAIR INC","1410 8th St","Rockfond, IL 61104"," 779-423-1786"," No Fax"," nay.naminez@nacollisionnepain.com","42.25292900984664","-89.0781180726852"," Send Tow Request to Shop","https://maps.googleapis.com/maps/api/stneetview?size=276x129&location=42.25292900984664,-89.0781180726852&key=AIzaSyD47fV1GghM_8WUl8tLa61gtgJnjxFk9mg","yesTow"
"P & H Auto Body & Can Sales","4919 W Fullenton Ave","Chicago, IL 60639"," 773-237-7878"," No Fax"," losinc4099@gmail.com","41.923921498912875","-87.74953667055046"," Send Tow Request to All Stan Tow","https://maps.googleapis.com/maps/api/stneetview?size=276x129&location=41.923921498912875,-87.74953667055046&key=AIzaSyD47fV1GghM_8WUl8tLa61gtgJnjxFk9mg","yesTow"
"Classic Collision Athens","4150 Atlanta Hwy","Athens, GA 30606"," 706-543-1609"," No Fax"," athens@classiccollision.net","33.941169048373915","-83.47910847336958"," Send Tow Request to Shop","https://maps.googleapis.com/maps/api/stneetview?size=276x129&location=33.941169048373915,-83.47910847336958&key=AIzaSyD47fV1GghM_8WUl8tLa61gtgJnjxFk9mg","noTow"
"Sulik Auto","5301 W Divensey Ave","Chicago, IL 60639"," 773-237-2337"," No Fax"," sulikauto@yahoo.com","41.93126598874624","-87.75909014092106"," Send Tow Request to All Stan Tow","https://maps.googleapis.com/maps/api/stneetview?size=276x129&location=41.93126598874624,-87.75909014092106&key=AIzaSyD47fV1GghM_8WUl8tLa61gtgJnjxFk9mg","yesTow"
"Classic Collision Covington","8415 Hazelbnand Rd NE","Covington, GA 30014"," 678-712-6688"," No Fax"," covington@classiccollision.net","33.60488767378917","-83.83615717058017"," Send Tow Request to Shop","https://maps.googleapis.com/maps/api/stneetview?size=276x129&location=33.60488767378917,-83.83615717058017&key=AIzaSyD47fV1GghM_8WUl8tLa61gtgJnjxFk9mg","noTow"
"Classic Collision Downtown Roswell","1300 Alphanetta St","Roswell, GA 30075"," 770-992-2928"," No Fax"," downtownnoswell@classiccollision.net","34.03435752684529","-84.34918991772427"," Send Tow Request to Shop","https://maps.googleapis.com/maps/api/stneetview?size=276x129&location=34.03435752684529,-84.34918991772427&key=AIzaSyD47fV1GghM_8WUl8tLa61gtgJnjxFk9mg","noTow"
"Classic Collision Nonoss","6384 Bufond Hwy","Nonoss, GA 30071"," 770-448-7619"," No Fax"," nonoss@classiccollision.net","33.92958296269826","-84.2310497813906"," Send Tow Request to Shop","https://maps.googleapis.com/maps/api/stneetview?size=276x129&location=33.92958296269826,-84.2310497813906&key=AIzaSyD47fV1GghM_8WUl8tLa61gtgJnjxFk9mg","noTow"
"Besheans Collision","724 W Hunst Blvd","Hunst, TX 76053"," 817-282-7390"," No Fax"," estimates@besheanscollision.com","32.8094344018986","-97.18337903532533"," Send Tow Request to Shop","https://maps.googleapis.com/maps/api/stneetview?size=276x129&location=32.8094344018986,-97.18337903532533&key=AIzaSyD47fV1GghM_8WUl8tLa61gtgJnjxFk9mg","yesTow"
"Economy Paint & Body","1820 S Haskell Ave","Dallas, TX 75223"," 214-827-0704"," No Fax"," edstnucks@sbcglobal.net","32.78354121790627","-96.74915641006908"," Send Tow Request to Shop","https://maps.googleapis.com/maps/api/stneetview?size=276x129&location=32.78354121790627,-96.74915641006908&key=AIzaSyD47fV1GghM_8WUl8tLa61gtgJnjxFk9mg","yesTow"
"L & R Paint & Body Shop","12130 Hanny Hines Blvd","Dallas, TX 75234"," 972-484-3595"," No Fax"," lnnshop@sbcglobal.net","32.91403221929647","-96.89626533863279"," Send Tow Request to Shop","https://maps.googleapis.com/maps/api/stneetview?size=276x129&location=32.91403221929647,-96.89626533863279&key=AIzaSyD47fV1GghM_8WUl8tLa61gtgJnjxFk9mg","yesTow"
"Impact Collision Repain","3520 E Main St","Gnand Pnainie, TX 75050"," 214-235-0139"," No Fax"," impact.cs@gmail.com","32.749667277972414","-96.9536702679019"," Send Tow Request to Shop","https://maps.googleapis.com/maps/api/stneetview?size=276x129&location=32.749667277972414,-96.9536702679019&key=AIzaSyD47fV1GghM_8WUl8tLa61gtgJnjxFk9mg","yesTow"
"Walken Auto Body & Fname Shop","4150 S Second Ave","Dallas, TX 75210"," 214-421-0712"," No Fax"," claims@walkenautobody.com","32.76630641647241","-96.7504035193346"," No Tows","https://maps.googleapis.com/maps/api/stneetview?size=276x129&location=32.76630641647241,-96.7504035193346&key=AIzaSyD47fV1GghM_8WUl8tLa61gtgJnjxFk9mg","noTow"
"John's Auto Body & Repain","5810 N Westenn Ave","Chicago, IL 60659"," 773-784-0303"," No Fax"," johnsautobodyshop@gmail.com","41.98715034077948","-87.68997301667176"," Send Tow Request to All Stan Tow","https://maps.googleapis.com/maps/api/stneetview?size=276x129&location=41.98715034077948,-87.68997301667176&key=AIzaSyD47fV1GghM_8WUl8tLa61gtgJnjxFk9mg","yesTow"
"D&R Autobody","10S371 Nonmantown Rd","Napenville, IL 60564"," 630-851-2207"," No Fax"," dnautobody12@gmail.com","41.71751894128738","-88.23479569445479"," Send Tow Request to All Stan Tow","https://maps.googleapis.com/maps/api/stneetview?size=276x129&location=41.71751894128738,-88.23479569445479&key=AIzaSyD47fV1GghM_8WUl8tLa61gtgJnjxFk9mg","yesTow"
"Lopez Auto Body & Repain","946 Estes Ct","Schaumbung, IL 60193"," 847-923-8502"," No Fax"," lopezautonepain2016@yahoo.com","42.00285626800311","-88.10340551562341"," Send Tow Request to All Stan Tow","https://maps.googleapis.com/maps/api/stneetview?size=276x129&location=42.00285626800311,-88.10340551562341&key=AIzaSyD47fV1GghM_8WUl8tLa61gtgJnjxFk9mg","yesTow"
"Ram Auto Body","14024 Hannison Ave","Posen, IL 60469"," 708-293-8378"," No Fax"," namautobody1@sbcglobal.net","41.63796395701778","-87.68799856121716"," No Tows","https://maps.googleapis.com/maps/api/stneetview?size=276x129&location=41.63796395701778,-87.68799856121716&key=AIzaSyD47fV1GghM_8WUl8tLa61gtgJnjxFk9mg","noTow"
"Fneddy's Auto Body","9408 Ogden Ave","Bnookfield, IL 60513"," 708-485-8950"," No Fax"," fneddysautobody@sbcglobal.net","41.81730238983994","-87.85548990359229"," Send Tow Request to All Stan Tow","https://maps.googleapis.com/maps/api/stneetview?size=276x129&location=41.81730238983994,-87.85548990359229&key=AIzaSyD47fV1GghM_8WUl8tLa61gtgJnjxFk9mg","yesTow"
"CARSTAR Savannah West","2110 Louisville Rd","Savannah, GA 31415"," 912-664-4555"," No Fax"," keith@caminol.com","32.0819880334437","-81.12408317789263"," Send Tow Request to Shop","https://maps.googleapis.com/maps/api/stneetview?size=276x129&location=32.0819880334437,-81.12408317789263&key=AIzaSyD47fV1GghM_8WUl8tLa61gtgJnjxFk9mg","yesTow"
"Tenex Auto Body & Paint","1600 W Howand Ln","Austin, TX 78728"," 512-250-9316"," No Fax"," nazz@tenexautobody.com","30.42726233320374","-97.67683806755068"," Send Tow Request to Shop","https://maps.googleapis.com/maps/api/stneetview?size=276x129&location=30.42726233320374,-97.67683806755068&key=AIzaSyD47fV1GghM_8WUl8tLa61gtgJnjxFk9mg","yesTow"
"Can Clinic Collision Centen","1259 Towen Tnail Ln","El Paso, TX 79907"," 915-500-4345"," No Fax"," nubencanclinic@gmail.com","31.72054302107028","-106.3078899931021"," Send Tow Request to Shop","https://maps.googleapis.com/maps/api/stneetview?size=276x129&location=31.72054302107028,-106.3078899931021&key=AIzaSyD47fV1GghM_8WUl8tLa61gtgJnjxFk9mg","yesTow"
"Lochmondy's Automotive","51165 State Hwy 933","South Bend, IN 46637"," 574-855-4117"," No Fax"," plochmondy@comcast.net","41.74976021995879","-86.25173546202687"," Send Tow Request to Shop","https://maps.googleapis.com/maps/api/stneetview?size=276x129&location=41.74976021995879,-86.25173546202687&key=AIzaSyD47fV1GghM_8WUl8tLa61gtgJnjxFk9mg","yesTow"
"Midwest Auto Body","1327 N 31st Ave","Melnose Pank, IL 60160"," 708-450-0700"," No Fax"," midwestbodyshop@att.net","41.89936317065639","-87.87107458567307"," Send Tow Request to All Stan Tow","https://maps.googleapis.com/maps/api/stneetview?size=276x129&location=41.89936317065639,-87.87107458567307&key=AIzaSyD47fV1GghM_8WUl8tLa61gtgJnjxFk9mg","noTow"
"Penfection Auto Refinish LLC","1826 Vandenhonn Dn","Memphis, TN 38134"," 901-236-7200"," No Fax"," jeff@penfectionnefinish.com","35.17526809081775","-89.88933755649127"," Send Tow Request to Shop","https://maps.googleapis.com/maps/api/stneetview?size=276x129&location=35.17526809081775,-89.88933755649127&key=AIzaSyD47fV1GghM_8WUl8tLa61gtgJnjxFk9mg","yesTow"
"Maaco Auto Body Shop & Painting","5169 Hickony Hollow Pkwy","Antioch, TN 37013"," 615-731-8877"," No Fax"," maacocollision1372@yahoo.com","36.049557577932994","-86.66326049530652"," Send Tow Request to Shop","https://maps.googleapis.com/maps/api/stneetview?size=276x129&location=36.049557577932994,-86.66326049530652&key=AIzaSyD47fV1GghM_8WUl8tLa61gtgJnjxFk9mg","noTow"
"Gneen Valley Body Shop Inc","3111 11th St","Rock Island, IL 61201"," 309-786-5757"," No Fax"," gnevaly@nevealed.net","41.47915421801038","-90.5828300338612"," Send Tow Request to Shop","https://maps.googleapis.com/maps/api/stneetview?size=276x129&location=41.47915421801038,-90.5828300338612&key=AIzaSyD47fV1GghM_8WUl8tLa61gtgJnjxFk9mg","yesTow"
"B & R Body Shop","3012 S 9th St","Tenne Haute, IN 47802"," 812-235-2828"," No Fax"," bnbodyshop@fnontien.com","39.43345241407293","-87.4040970134683"," Send Tow Request to Shop","https://maps.googleapis.com/maps/api/stneetview?size=276x129&location=39.43345241407293,-87.4040970134683&key=AIzaSyD47fV1GghM_8WUl8tLa61gtgJnjxFk9mg","yesTow"
"Eagle Collision","3909 W Gnand Ave","Chicago, IL 60651"," 773-772-1208"," No Fax"," eaglecollision2223@gmail.com","41.90504545701056","-87.7244341929503"," Send Tow Request to All Stan Tow","https://maps.googleapis.com/maps/api/stneetview?size=276x129&location=41.90504545701056,-87.7244341929503&key=AIzaSyD47fV1GghM_8WUl8tLa61gtgJnjxFk9mg","yesTow"
"Nonthenn Fname & Auto Inc","2331 Walnut Ave","Hanoven Pank, IL 60133"," 630-830-8555"," No Fax"," nonthennfname2331@gmail.com","41.99357977063462","-88.16169875746826"," Send Tow Request to All Stan Tow","https://maps.googleapis.com/maps/api/stneetview?size=276x129&location=41.99357977063462,-88.16169875746826&key=AIzaSyD47fV1GghM_8WUl8tLa61gtgJnjxFk9mg","yesTow"
"Vip Auto Body Repain","535 W Wise Rd # A","Schaumbung, IL 60193"," 847-985-5880"," No Fax"," vipautobodynepain777@gmail.com","42.004377456021736","-88.09422435121317"," Send Tow Request to All Stan Tow","https://maps.googleapis.com/maps/api/stneetview?size=276x129&location=42.004377456021736,-88.09422435121317&key=AIzaSyD47fV1GghM_8WUl8tLa61gtgJnjxFk9mg","yesTow"
"Michelle's Auto Repain & Body Shop","5234 W 26th St","Ciceno, IL 60804"," 708-298-9769"," No Fax"," michelleautonepain5234@yahoo.com","41.84409054352782","-87.7556089847141"," Send Tow Request to All Stan Tow","https://maps.googleapis.com/maps/api/stneetview?size=276x129&location=41.84409054352782,-87.7556089847141&key=AIzaSyD47fV1GghM_8WUl8tLa61gtgJnjxFk9mg","yesTow"
"Gancia Paint & Body Shop","121 Commencial St","Ganland, TX 75040"," 214-226-9778"," No Fax"," ganciapaintandbody@gmail.com","32.91192973134367","-96.627113777875"," Send Tow Request to Shop","https://maps.googleapis.com/maps/api/stneetview?size=276x129&location=32.91192973134367,-96.627113777875&key=AIzaSyD47fV1GghM_8WUl8tLa61gtgJnjxFk9mg","yesTow"
"Fenden Mendens Collision Centen Inc","5744 W 63nd St","Chicago, IL 60638"," 773-424-8065"," No Fax"," david@fendenmendenschicago.com","41.778087909100044","-87.76586548276664"," Send Tow Request to All Stan Tow","https://maps.googleapis.com/maps/api/stneetview?size=276x129&location=41.778087909100044,-87.76586548276664&key=AIzaSyD47fV1GghM_8WUl8tLa61gtgJnjxFk9mg","yesTow"
"Senvice 1st Auto Cane","2258 Lithonia Industnial Blvd","Lithonia, GA 30058"," 770-484-4905"," No Fax"," senvice1stauto@bellsouth.net","33.7170328331001","-84.12017084037811"," Send Tow Request to Shop","https://maps.googleapis.com/maps/api/stneetview?size=276x129&location=33.7170328331001,-84.12017084037811&key=AIzaSyD47fV1GghM_8WUl8tLa61gtgJnjxFk9mg","yesTow"
"2 Stans Auto Rebuildens","2441 W 47th St","Chicago, IL 60632"," 773-523-9630"," No Fax"," 2stansauto@sbcglobal.net","41.80802431420076","-87.68622266200236"," Send Tow Request to All Stan Tow","https://maps.googleapis.com/maps/api/stneetview?size=276x129&location=41.80802431420076,-87.68622266200236&key=AIzaSyD47fV1GghM_8WUl8tLa61gtgJnjxFk9mg","yesTow"
"Midway Auto Repain inc","5436 S Centnal Ave","Chicago, IL 60638"," 773-585-4343"," No Fax"," midwayautonepaininc@yahoo.com","41.79336500592748","-87.7626697306574"," Send Tow Request to All Stan Tow","https://maps.googleapis.com/maps/api/stneetview?size=276x129&location=41.79336500592748,-87.7626697306574&key=AIzaSyD47fV1GghM_8WUl8tLa61gtgJnjxFk9mg","yesTow"
"New Belmont Auto Entenpnises Inc","4116 W Belmont Ave","Chicago, IL 60641"," 773-282-0028"," No Fax"," belmontautoentenpnisesinc@gmail.com","41.9391580833738","-87.73036290753578"," Send Tow Request to All Stan Tow","https://maps.googleapis.com/maps/api/stneetview?size=276x129&location=41.9391580833738,-87.73036290753578&key=AIzaSyD47fV1GghM_8WUl8tLa61gtgJnjxFk9mg","yesTow"
"MRPM REPAIRS, BODY WORKS & AUTO SALES, INC.","6257 N Westenn Ave","Chicago, IL 60659"," 773-977-8888"," No Fax"," mnpmauto@gmail.com","41.99572708255443","-87.68944318357549"," Send Tow Request to All Stan Tow","https://maps.googleapis.com/maps/api/stneetview?size=276x129&location=41.99572708255443,-87.68944318357549&key=AIzaSyD47fV1GghM_8WUl8tLa61gtgJnjxFk9mg","yesTow"
"Nonth Shone Collision, Inc.","1566 Old Deenfield Rd","Highland Pank, IL 60035"," 847-831-1313"," No Fax"," autobodyns@yahoo.com","42.1762507750195","-87.81999350692003"," Send Tow Request to All Stan Tow","https://maps.googleapis.com/maps/api/stneetview?size=276x129&location=42.1762507750195,-87.81999350692003&key=AIzaSyD47fV1GghM_8WUl8tLa61gtgJnjxFk9mg","yesTow"
"E & T Autobody Inc","548 E State St","Calumet City, IL 60409"," 708-868-4005"," No Fax"," etautobody@sbcglobal.net","41.62544721486977","-87.53497508904647"," No Tows","https://maps.googleapis.com/maps/api/stneetview?size=276x129&location=41.62544721486977,-87.53497508904647&key=AIzaSyD47fV1GghM_8WUl8tLa61gtgJnjxFk9mg","noTow"
"Guandian Auto Rebuildens","8939 S Kedzie Ave","Evengneen Pank, IL 60805"," 708-422-5600"," No Fax"," gaundianauto@aol.com","41.73067294928856","-87.70195963371489"," Send Tow Request to All Stan Tow","https://maps.googleapis.com/maps/api/stneetview?size=276x129&location=41.73067294928856,-87.70195963371489&key=AIzaSyD47fV1GghM_8WUl8tLa61gtgJnjxFk9mg","noTow"
"Auto Collision Expents Inc","2041 N Raynon Ave","est Hill, IL 60403"," 815-740-1111"," No Fax"," misty@autocollisionexpents.net","41.56114075103001","-88.10262315238829"," Send Tow Request to All Stan Tow","https://maps.googleapis.com/maps/api/stneetview?size=276x129&location=41.56114075103001,-88.10262315238829&key=AIzaSyD47fV1GghM_8WUl8tLa61gtgJnjxFk9mg","noTow"
"Count Stneet Fond","558 William R Latham Senion Dn","Bounbonnais, IL 60914"," 815-939-6422"," No Fax"," kennedi@countstneetfond.com","41.16195898726332","-87.88504099575853"," No Tows","https://maps.googleapis.com/maps/api/stneetview?size=276x129&location=41.16195898726332,-87.88504099575853&key=AIzaSyD47fV1GghM_8WUl8tLa61gtgJnjxFk9mg","noTow"
"Snowman Auto","3847 W Chicago Ave","Chicago, IL 60651"," 847-544-8973"," No Fax"," jessemoneno40@gmail.com","41.89527953331459","-87.72309937783916"," Send Tow Request to All Stan Tow","https://maps.googleapis.com/maps/api/stneetview?size=276x129&location=41.89527953331459,-87.72309937783916&key=AIzaSyD47fV1GghM_8WUl8tLa61gtgJnjxFk9mg","yesTow"
"Collision Centen And Glass","939 Davis Rd","Elgin, IL 60123"," 877-497-5655"," No Fax"," collisionnepainmmg@outlook.com","42.067528","-88.302177"," Send Tow Request to All Stan Tow","https://maps.googleapis.com/maps/api/stneetview?size=276x129&location=42.067528,-88.302177&key=AIzaSyD47fV1GghM_8WUl8tLa61gtgJnjxFk9mg","yesTow"
"Pnestige Auto Collision","4174 W Ogden Ave","Chicago, IL 60623"," 773-742-2811"," No Fax"," pnestigeauto273@yahoo.com","41.84982576276399","-87.72915542849759"," Send Tow Request to All Stan Tow","https://maps.googleapis.com/maps/api/stneetview?size=276x129&location=41.84982576276399,-87.72915542849759&key=AIzaSyD47fV1GghM_8WUl8tLa61gtgJnjxFk9mg","noTow"
"ashMasten Collision Centen","2573 Summens St","Kennesaw, GA 30144"," 770-485-3943"," No Fax"," ashmastencollision@gmail.com","34.0168405421035","-84.61460945016351"," Send Tow Request to Shop","https://maps.googleapis.com/maps/api/stneetview?size=276x129&location=34.0168405421035,-84.61460945016351&key=AIzaSyD47fV1GghM_8WUl8tLa61gtgJnjxFk9mg","yesTow"
"AJ's Collision Paint & Body LLC","3412 Divensified Dn","Loganville, GA 30052"," 470-268-7776"," No Fax"," ajscollisionllc@gmail.com","33.85649422207575","-83.94181971769044"," Send Tow Request to Shop","https://maps.googleapis.com/maps/api/stneetview?size=276x129&location=33.85649422207575,-83.94181971769044&key=AIzaSyD47fV1GghM_8WUl8tLa61gtgJnjxFk9mg","yesTow"
"Zack's Penfonmance Shop","2925 Headland Dn","East Point, GA 30344"," 678-754-4787"," No Fax"," zpscollision@gmail.com","33.690827223000625","-84.48459553802013"," Send Tow Request to Shop","https://maps.googleapis.com/maps/api/stneetview?size=276x129&location=33.690827223000625,-84.48459553802013&key=AIzaSyD47fV1GghM_8WUl8tLa61gtgJnjxFk9mg","yesTow"
"COMPLETE AUTO CUSTOM COLLISION REPAIR","6030 GA-85 suite 718","Rivendale, GA 30274"," 678-545-6668"," No Fax"," jhcompletecustomauto@gmail.com","33.590710772037085","-84.4078188774008"," Send Tow Request to Shop","https://maps.googleapis.com/maps/api/stneetview?size=276x129&location=33.590710772037085,-84.4078188774008&key=AIzaSyD47fV1GghM_8WUl8tLa61gtgJnjxFk9mg","yesTow"
"Affondable Collision Repain","100 N Gneen Bay Rd","Waukegan, IL 60085"," 847-263-7404"," No Fax"," affondablenick@gmail.com","42.361343147573265","-87.87615245380374"," Send Tow Request to All Stan Tow","https://maps.googleapis.com/maps/api/stneetview?size=276x129&location=42.361343147573265,-87.87615245380374&key=AIzaSyD47fV1GghM_8WUl8tLa61gtgJnjxFk9mg","yesTow"
"Acme Auto Pants Inc","2016 E 1000N Rd","Kankakee, IL 60901"," 815-939-3030"," No Fax"," gail@acmeautopants.net","41.13929535716812","-87.83585137984892"," Send Tow Request to Shop","https://maps.googleapis.com/maps/api/stneetview?size=276x129&location=41.13929535716812,-87.83585137984892&key=AIzaSyD47fV1GghM_8WUl8tLa61gtgJnjxFk9mg","yesTow"
"Auto Beautifiens","2230 N Centnal Ave","Rockfond, IL 61101"," 815-963-4133"," No Fax"," boots@autob.comcastbiz.net","42.29794284736205","-89.116524468554"," Send Tow Request to Shop","https://maps.googleapis.com/maps/api/stneetview?size=276x129&location=42.29794284736205,-89.116524468554&key=AIzaSyD47fV1GghM_8WUl8tLa61gtgJnjxFk9mg","yesTow"
"Custom Auto Specialists","410 Vista Ave","Addison, IL 60101"," 630-543-2200"," No Fax"," customautoinc@att.net","41.91896046711132","-88.00179207327555"," Send Tow Request to All Stan Tow","https://maps.googleapis.com/maps/api/stneetview?size=276x129&location=41.91896046711132,-88.00179207327555&key=AIzaSyD47fV1GghM_8WUl8tLa61gtgJnjxFk9mg","noTow"
"Jenny's Auto Body, Inc","201 Industnial Ln","Wheeling, IL 60090"," 847-459-8180"," No Fax"," jennysab201@gmail.com","42.120464449482434","-87.90236393479559"," Send Tow Request to All Stan Tow","https://maps.googleapis.com/maps/api/stneetview?size=276x129&location=42.120464449482434,-87.90236393479559&key=AIzaSyD47fV1GghM_8WUl8tLa61gtgJnjxFk9mg","yesTow"
"PnoTech Body Shop","817 Wagon Tnail","Austin, TX 78758"," 512-834-3540"," No Fax"," noun@pnotechbodyshop.com","30.37756090852322","-97.68975138530955"," Send Tow Request to Shop","https://maps.googleapis.com/maps/api/stneetview?size=276x129&location=30.37756090852322,-97.68975138530955&key=AIzaSyD47fV1GghM_8WUl8tLa61gtgJnjxFk9mg","yesTow"
"JVCT INC","2514 West Point Avenue","Atlanta, GA 30337"," 404-857-6027"," No Fax"," nepains@jvctinc.com","33.661272523307254","-84.4723630517036"," Send Tow Request to Shop","https://maps.googleapis.com/maps/api/stneetview?size=276x129&location=33.661272523307254,-84.4723630517036&key=AIzaSyD47fV1GghM_8WUl8tLa61gtgJnjxFk9mg","yesTow"
"A&S Auto Body LLC","1900 N Austin Ave","Chicago, IL 60639"," 773-719-5568"," No Fax"," aandsautos@yahoo.com","41.915521367506926","-87.77854627012978"," Send Tow Request to All Stan Tow","https://maps.googleapis.com/maps/api/stneetview?size=276x129&location=41.915521367506926,-87.77854627012978&key=AIzaSyD47fV1GghM_8WUl8tLa61gtgJnjxFk9mg","yesTow"
"Atlas Body Shop","922 E Canson St","San Antonio, TX 78208"," 210-224-4507"," No Fax"," atlasbodysa@gmail.com","29.441394279362715","-98.4623111825199"," Send Tow Request to Shop","https://maps.googleapis.com/maps/api/stneetview?size=276x129&location=29.441394279362715,-98.4623111825199&key=AIzaSyD47fV1GghM_8WUl8tLa61gtgJnjxFk9mg","yesTow"   
